Dataset	File	ExternalID	Sample	QA_NUSE	QA_IQR_NUSE	QA_RLE	QA_IQR_RLE	QA_sample_corr	QA_score	actin3/actin5	actin3/actinM	gapdh3/gapdh5	gapdh3/gapdhM	scale	background	present	RNA_degradation_slope	RNA_degradation_p_value	RNA_deg_outlier	RATIO	SCALE	BACKGROUND	PRESENT	TOTAL_SCORE
GSE52022	GSM1257653_4-2327_Mouse430_2_.CEL	GSM1257653	4mon_WT_rep1	0.999	0.028	0	0.203	0.989	0	3.01359909159528	1.73512172732669	1.74666093069277	1.49294565714524	4.36828735952323	39.6229865183362	42.8615773486175	6.72	1.03e-14	Yes	1	0	0	0	1
GSE52022	GSM1257654_4-2333_Mouse430_2_.CEL	GSM1257654	4mon_WT_rep2	1	0.028	0	0.179	0.992	0	1.80291137249683	1.17292338391162	0.495876778728691	0.587074823526544	3.85025803479308	37.751494112217	43.5001441209729	5.17	1.02e-14	No	0	0	0	0	0
GSE52022	GSM1257655_4-2334_Mouse430_2_.CEL	GSM1257655	4mon_AD_rep1	1.005	0.032	-0.003	0.191	0.991	0	2.19049280227086	1.39893194073855	0.660057400220735	0.772209232137646	4.11885065011306	36.4143087943602	42.5511629453892	5.16	1.34e-12	No	0	0	0	0	0
GSE52022	GSM1257656_4-2382_Mouse430_2_.CEL	GSM1257656	4mon_AD_rep2	0.997	0.024	0.003	0.157	0.992	0	1.78336007061572	1.22036802515876	0.407010048748587	0.611064248722473	3.53402601147203	36.9962606386166	44.8526640207534	5.01	3.26e-13	No	0	0	0	0	0
GSE52022	GSM1257657_8-1435_Mouse430_2_.CEL	GSM1257657	8mon_WT_rep1	1.005	0.032	0	0.208	0.991	0	2.34925098355441	1.37203985811539	0.9450466978221	0.817044351519787	3.89894376234066	42.4220865039712	45.1386887208709	5.92	2.23e-14	No	0	0	0	0	0
GSE52022	GSM1257658_8-1439_Mouse430_2_.CEL	GSM1257658	8mon_WT_rep2	0.987	0.023	-0.002	0.146	0.992	0	1.72873323380861	1.0855797272965	0.166820577192087	0.193811207195736	3.14103155034809	39.8201415855302	46.0876698964546	4.96	1.02e-13	No	0	0	0	0	0
GSE52022	GSM1257659_8-1434_Mouse430_2_.CEL	GSM1257659	8mon_AD_rep1	1.004	0.031	0.008	0.203	0.991	0	1.70950465049476	1.05172022803131	0.414100238983348	0.347879553842365	3.61035176071943	38.5529647848216	43.963548480078	5.03	4.27e-14	No	0	0	0	0	0
GSE52022	GSM1257660_8-1433_Mouse430_2_.CEL	GSM1257660	8mon_AD_rep2	1.004	0.03	-0.006	0.202	0.989	0	1.96432054898473	1.26582929812838	0.628725681967536	0.574543102811059	3.46768469576176	36.2020940533251	44.6331566927563	5.5	2.47e-12	No	0	0	0	0	0
