Dataset	File	ExternalID	Sample	QA_NUSE	QA_IQR_NUSE	QA_RLE	QA_IQR_RLE	QA_sample_corr	QA_score	actin3/actin5	actin3/actinM	gapdh3/gapdh5	gapdh3/gapdhM	scale	background	present	RNA_degradation_slope	RNA_degradation_p_value	RNA_deg_outlier	RATIO	SCALE	BACKGROUND	PRESENT	TOTAL_SCORE
GSE8425	GSM208599.CEL	GSM208599	Hippocampus_WildType_rep1	1.029	0.06	0.033	0.245	0.989	0	0.852981823674661	0.679778709211785	2.02884844464989	0.694495064454033	0.918190559938173	138.495074970194	44.847950639048	3.08	6.1e-09	No	0	0	0	0	0
GSE8425	GSM208716.CEL	GSM208716	Hippocampus_WildType_rep2	1.004	0.035	-0.016	0.169	0.992	0	1.55901834778284	1.16781904306258	2.91046275372815	0.897266532297204	0.791100292504354	101.545269090588	53.4464521815778	4.08	3.16e-10	No	0	0	0	0	0
GSE8425	GSM209491.CEL	GSM209491	Hippocampus_WildType_rep3	1.002	0.03	0.011	0.159	0.992	0	1.20037986744429	0.869280039658124	2.16531436957889	0.637155628622409	0.88402283874145	96.711821803697	48.2679594535037	3.58	4.6e-10	No	0	0	0	0	0
GSE8425	GSM209506.CEL	GSM209506	Hippocampus_Rasgrf1KO_rep1	0.985	0.026	0.002	0.143	0.992	0	1.82241787141327	1.1866662981387	2.32759830878895	0.690070373238459	0.660916817172443	106.090615579896	51.7849272807404	4.2	1.47e-10	No	0	0	0	0	0
GSE8425	GSM209507.CEL	GSM209507	Hippocampus_Rasgrf1KO_rep2	0.998	0.027	-0.027	0.268	0.987	0	0.965445626757099	0.669680716818151	1.63173380890202	0.366145103542731	0.627433755815963	115.409604829362	52.9969149405024	3.89	7.24e-10	No	0	0	0	0	0
GSE8425	GSM209508.CEL	GSM209508	Hippocampus_Rasgrf1KO_rep3	0.997	0.026	-0.004	0.148	0.991	0	1.82901517475076	1.33147707752394	2.69907301873405	1.07314078820191	0.965278058886332	83.770943102229	50.7668576465403	4.24	1.81e-11	No	0	0	0	0	0
