disease	phase	regulation	Freq	ratio	correction	Count	correlation	pvalue
AD	early	up	6	0.000552689756816507	Before	6(0.06%)	0.78001733286448	0
AD	late	up	740	0.07138034146812	Before	740(7.14%)	0.375166766318203	0
AD	early	down	2	0.000184229918938836	Before	2(0.02%)	0.78001733286448	0
AD	late	down	675	0.0651104466094338	Before	675(6.51%)	0.375166766318203	0
AD	early	up	12	0.00110537951363301	After	12(0.11%)	0.78001733286448	0
AD	late	up	11	0.00106105912993151	After	11(0.11%)	0.375166766318203	0
AD	early	down	4	0.000368459837877671	After	4(0.04%)	0.78001733286448	0
AD	late	down	6	0.000578759525417189	After	6(0.06%)	0.375166766318203	0
